<?xml version="1.0" encoding="utf-8"?>
<phrases>
  <phrase title="xentr_category_block_header_explain" version_id="1000070" version_string="1.0.0"><![CDATA[Select the image you want to show in the category blocks header. The image you select will apply to the category blocks header.]]></phrase>
  <phrase title="xentr_category_block_header_image" version_id="1000070" version_string="1.0.0"><![CDATA[Category block header image]]></phrase>
  <phrase title="xentr_delete_category_block_header_image" version_id="1000070" version_string="1.0.0"><![CDATA[Are you sure you want to delete this node's background image? ]]></phrase>
  <phrase title="xentr_no_category_block_header_image" version_id="1000070" version_string="1.0.0"><![CDATA[No images were selected for the category block header]]></phrase>
  <phrase title="xentr_open_background_chooser" version_id="1000170" version_string="1.0.1"><![CDATA[Open Background Chooser]]></phrase>
  <phrase title="xentr_select_category_block_header_image" version_id="1000070" version_string="1.0.0"><![CDATA[Select the category block header image]]></phrase>
  <phrase title="xtr_checkmark_conversation_read" version_id="1000370" version_string="1.0.3"><![CDATA[User read the message]]></phrase>
  <phrase title="xtr_collapse_or_expand" version_id="1000370" version_string="1.0.3"><![CDATA[Collapse or expand category]]></phrase>
</phrases>
