<?xml version="1.0" encoding="utf-8"?>
<template_modifications>
  <modification type="public" template="PAGE_CONTAINER" modification_key="PAGE_CONTAINER_copyright" description="Add XenTR copyright to footer." execution_order="10" enabled="1" action="str_replace">
    <find><![CDATA[<xf:copyright />]]></find>
    <replace><![CDATA[$0
{$xtrExlCopyright|raw}]]></replace>
  </modification>
  <modification type="admin" template="category_edit" modification_key="xentr_category_edit" description="Shows images in category block header" execution_order="10" enabled="1" action="str_replace">
    <find><![CDATA[<xf:macro template="node_edit_macros" name="description" arg-node="{$node}" />]]></find>
    <replace><![CDATA[$0
<xf:uploadrow name="upload" accept=".gif,.jpeg,.jpg,.jpe,.png"
	value="{$category.block_header_image}" 
	label="{{ phrase('xentr_select_category_block_header_image') }}"
	explain="{{ phrase('xentr_category_block_header_explain') }}"
/>

<xf:if is="{$category.getNodeImage()}">
	<xf:formrow label="{{ phrase('xentr_category_block_header_image') }}">
		<img src="{{ base_url($category.getNodeImage()) }}" />
		<xf:button href="{{ link('categories/delete-nodeimage', $node) }}" class="button--link" icon="delete" overlay="true"/>
	</xf:formrow>
<xf:else/>
	<xf:formrow label="{{ phrase('xentr_category_block_header_image') }}">
		{{ phrase('xentr_no_category_block_header_image') }}
	</xf:formrow>
</xf:if>]]></replace>
  </modification>
  <modification type="public" template="thread_view" modification_key="xentr_new_post_button" description="Add thread view new post button." execution_order="10" enabled="1" action="str_replace">
    <find><![CDATA[<xf:breadcrumb source="$forum.getBreadcrumbs()" />]]></find>
    <replace><![CDATA[$0
<xf:if is="is_addon_active('XENTR/Exclusive') OR property('xtr_new_post_button')">
<xf:pageaction if="$forum.canCreateThread()">
    <xf:button href="{{ link('forums/post-thread', $forum) }}" class="button--cta" icon="write">
        {{ phrase('post_thread') }}
    </xf:button>
</xf:pageaction>
</xf:if>]]></replace>
  </modification>
</template_modifications>
