<?xml version="1.0" encoding="utf-8"?>
<templates>
  <template type="admin" title="xentr_delete_block_header_image" version_id="1000070" version_string="1.0.0"><![CDATA[<xf:title>{{ phrase('confirm_action') }}</xf:title>

<xf:form action="{{ link('categories/delete-nodeimage', $node) }}" class="block" ajax="true">
	<div class="block-container">
		<div class="block-body">
			<xf:inforow rowtype="confirm">
				{{ phrase('xentr_delete_category_block_header_image') }}
			</xf:inforow>
		</div>
		<xf:submitrow rowtype="simple" icon="delete" />
	</div>
</xf:form>]]></template>
  <template type="public" title="xentr_statistics" version_id="1000070" version_string="1.0.0"><![CDATA[<xf:css src="xentr_statistics.less" />

<div class="xentr-statistics block">
	<div class="p-footer-inner">
		<div class="block-container">	
			<div class="block-body">
				<div id="xentr_stats">
					<div class="xentr_stats_col">
						<div class="xentr_stats_icon"><i class="fas fa-comments"></i></div>
						<div class="xentr_stats_text">{$xentr_statistics.threads|number}<span>{{ phrase('threads') }}</span></div>
					</div>
					<div class="xentr_stats_col">
						<div class="xentr_stats_icon"><i class="fas fa-users"></i></div>
						<div class="xentr_stats_text">{$xentr_statistics.messages|number}<span>{{ phrase('messages') }}</span></div>
					</div>
					<div class="xentr_stats_col">
						<div class="xentr_stats_icon"><i class="fas fa-chart-line"></i></div>
						<div class="xentr_stats_text">{$xentr_statistics.users|number}<span>{{ phrase('members') }}</span></div>
					</div>
					<div class="xentr_stats_col">
						<div class="xentr_stats_text"><xf:username user="{$xentr_statistics.latestUser}" /><span>{{ phrase('latest_member') }}</span></div>
					</div>
				</div>
			</div>
		</div>
	</div>
</div>]]></template>
  <template type="public" title="xentr_statistics.less" version_id="1000070" version_string="1.0.0"><![CDATA[#XF .xentr-statistics.block {
	margin-bottom: 0;
	background-color: @xf-publicFooter--background-color;
	.block-container {
    	background: rgba(255,255,255,0.1);
		border-color: xf-intensify(@xf-publicFooter--background-color, 7%);
	}
}
#xentr_stats {
	display: flex;
	align-items: center;
	justify-content: space-between;
	border-radius: @xf-borderRadiusLarge;
}
.xentr_stats_col {
	background: @xf-publicFooter--background-color;
	flex: 1 1 auto;
	margin: @xf-paddingSmall;
	height: 60px;
	padding: 5px @xf-paddingMedium;
	position: relative;
	border-radius: @xf-borderRadiusMedium;
	-webkit-transition: all 0.3s linear;
	-moz-transition: all 0.3s linear;
	-ms-transition: all 0.3s linear;
	-o-transition: all 0.3s linear;
	transition: all 0.3s linear;
	&:hover {
		.xentr_stats_icon {
			&:before {
				width: 100%;
				height: 100%;
				z-index: -1;
				background: xf-intensify(@xf-publicFooter--background-color, 7%);
				transition: all .5s ease-in-out 0s;
			}
		}
		background: xf-intensify(@xf-publicFooter--background-color, 5%);
		.xentr_stats_text {
			color: fade(@xf-publicFooter--color, 75%);
		}
	}
}
.xentr_stats_icon {
	position: absolute;
	left: 95%;
	background: @xf-publicFooter--background-color;
	width: 40px;
	height: 40px;
	line-height: 30px;
	top: 17%;
	border-radius: 100%;
	border: 5px solid xf-intensify(@xf-chromeBg, 1%);
	z-index: 1;
	text-align: center;
	font-size: 17px;
	color: @xf-publicFooter--color;
	box-shadow: 0 0 7px 0px rgba(0, 0, 0, .50);
	&:before {
		position: absolute;
		left: 50%;
		top: 50%;
		border-radius: 100%;
		width: 0;
		height: 0;
		content: "";
		background: currentcolor;
		transition: all .5s ease-in-out 0s;
		transform: translate(-50%, -50%);
		z-index: -1;
	}
	img {
		margin-top: 10px;
		margin-left: 4px;
	}
	i {
		line-height: inherit;
	}
}
.forum_stats_icon {
	i {
		line-height: inherit;
	}
}
.xentr_stats_text {
	text-align: center;
	font-size: 18px;
	line-height: 24px;
	color: @xf-publicFooter--color;
	font-weight: 500;
	text-transform: uppercase;
	a {
		text-transform: none;
		display: inline-flex;
		color: @xf-publicFooter--color;
		span {
			font-size: @xf-fontSizeNormal;
		}
		&:hover {
			text-decoration: none;
			color: @xf-linkHoverColor;
		}
	}
	span {
		display: block;
		font-size: 12px;
		font-weight: 400;
	}
}
@media (max-width: @xf-responsiveWide)
{
	#xentr_stats {
		display: block;
		padding: 1px;
		.xentr_stats_col {
			height: auto;
			padding: 5px;
		}
		.xentr_stats_icon {
			display: none;
		}
		.xentr_stats_text {
			line-height: inherit;
		}
	}
}]]></template>
</templates>
