{
    "legacy_addon_id": "",
    "title": "[XTR] Exclusive Style Properties",
    "description": "It is an add-on developed for Exclusive designs produced by XenTR.",
    "version_id": 1000470,
    "version_string": "1.0.4",
    "dev": "XENTR",
    "dev_url": "https://xentr.net/",
    "faq_url": "",
    "support_url": "https://xentr.net/support-tickets/",
    "extra_urls": {
        "Privacy Policy": "https://xentr.net/help/privacy-policy/",
        "Terms and rules": "https://xentr.net/help/terms/"
    },
    "require": {
        "XF": [
            2010070,
            "XenForo 2.1.0+"
        ],
        "php": [
            "7.0.0",
            "PHP 7.0.0+"
        ]
    },
    "icon": "icon.png"
}