{
    "src/addons/XENTR/Exclusive/addon.json": "9f8f496104c32ef882790b7c0d53c0092e90fd0cb5fecb3b577a55478d3fe927",
    "src/addons/XENTR/Exclusive/icon.png": "05f0b323197e43065b1cb95e58a315e0c4467135b709e97f346f8136e705e8d9",
    "src/addons/XENTR/Exclusive/Listener.php": "7739cea26f9569348c6113ae117a514fa702235294a7058a550aca58c18a5105",
    "src/addons/XENTR/Exclusive/Repository/Node.php": "ed53f74dba03a4585a5a798856b62917a63379e30d59b76e55c90ba960da77da",
    "src/addons/XENTR/Exclusive/Setup.php": "01aeb84cdd07b2b7430780131ce5c1c85678d3f3233e1e6c11c459117006d9f9",
    "src/addons/XENTR/Exclusive/XF/Admin/Controller/Category.php": "aa21672a6c01255ad9588c97d0b07b7c53e1b8af9f83ecc561694f602a31ad84",
    "src/addons/XENTR/Exclusive/XF/Entity/Category.php": "6c9c28555ba17ad7c302f43af030167c593a96b77d17b2aec6a285ee95200221",
    "src/addons/XENTR/Exclusive/XF/Entity/User.php": "968a123e18fa4ced10acb7d91f266e0ea96aa81e4d92f4d7e35600600dc4ef21",
    "src/addons/XENTR/Exclusive/_data/activity_summary_definitions.xml": "99d8c2563a31320d66f958fc8bda78613545f5f7959bb3cf5318805e3a3c39d2",
    "src/addons/XENTR/Exclusive/_data/admin_navigation.xml": "064ec797484ac00d5ee37367b50b06846d11f480d00550997712707f8fdac8c0",
    "src/addons/XENTR/Exclusive/_data/admin_permission.xml": "ec6fb97cebf0bceb24f1ed1d5778c1db54eeb7535fbb3e31d824840e7aa9ff87",
    "src/addons/XENTR/Exclusive/_data/advertising_positions.xml": "d2f7cbe844bb1df3cf878d22ff6306249245c8ff6b0b87b9b729744bec538261",
    "src/addons/XENTR/Exclusive/_data/api_scopes.xml": "6793eaf758f140e8137187ba20e65f4faccf53410433ae3ad7a8b3b38cb6b3b7",
    "src/addons/XENTR/Exclusive/_data/bb_codes.xml": "faa4ddd5f4a365e5ac39aebdcbe2d25aedf74e7eb9ea4a812766e2fd5e13bdb1",
    "src/addons/XENTR/Exclusive/_data/bb_code_media_sites.xml": "29762987990187b33e43cfb68c08dc917b2d3f0176613d78f8e6c453f82da3f3",
    "src/addons/XENTR/Exclusive/_data/class_extensions.xml": "1ce430f2241c508dbb11dd315164a492fe076f3a7e148aeccf4f7925cc5a076b",
    "src/addons/XENTR/Exclusive/_data/code_events.xml": "8370dec3df47f91df4cf79da253446ad11b29f4ea568fe76c774e97a0379f0eb",
    "src/addons/XENTR/Exclusive/_data/code_event_listeners.xml": "e27a8af9b6b9142e4a49f0207dbadae18873eff4e044e0d3b5ce41d9cc7f71a3",
    "src/addons/XENTR/Exclusive/_data/content_type_fields.xml": "c7ad5472b28f465b7ac7617627707eba1b7a39d28089460d52e1ed292fc0b06a",
    "src/addons/XENTR/Exclusive/_data/cron.xml": "323c4284742ef24329cd6db6f288eb9736d2353f36852e1db12591e1583aea26",
    "src/addons/XENTR/Exclusive/_data/help_pages.xml": "a8a0c0b06cdc550438bc8a8d385af3e1e5ab3459877dfb934c1c31be59c89163",
    "src/addons/XENTR/Exclusive/_data/member_stats.xml": "89fb2b93ff1eca7a1f6f752248edf6090dfd24037db1446fd18ff7143f08124d",
    "src/addons/XENTR/Exclusive/_data/navigation.xml": "f75e1c03a45a360bbdfcd0567121665082315068475d5b0feb8b1acbb1688651",
    "src/addons/XENTR/Exclusive/_data/options.xml": "1cea29aa5671733d85c8fc6f7c66128eacbca5643cbb38585eb82002879b51a4",
    "src/addons/XENTR/Exclusive/_data/option_groups.xml": "154d7a89664b243d0bd8227c22e241f934bf7e196c83230ee23d3c0c4fba1333",
    "src/addons/XENTR/Exclusive/_data/permissions.xml": "7e4fc7d5826733d15ea2d8936b9bdd41afcaad810eb38e50da3c8d8eafda1550",
    "src/addons/XENTR/Exclusive/_data/permission_interface_groups.xml": "3177224e96458b829aa7fb24866dda9e0455a4922aee3d669b53f59a1ffdf5d1",
    "src/addons/XENTR/Exclusive/_data/phrases.xml": "007a5a10d83a290aecff863535caf1b0244c426f49636c942a68b6bcfc6edc67",
    "src/addons/XENTR/Exclusive/_data/routes.xml": "550fa64f9feedf137dd877b38c2684f94474619d2d83890dbb717a91b50da8f5",
    "src/addons/XENTR/Exclusive/_data/style_properties.xml": "8b8690a8512f01f219dd2da76e3d0c5f62afc1f317b87794a7331c859c36a7a8",
    "src/addons/XENTR/Exclusive/_data/style_property_groups.xml": "68e1879cb3846c42d978487aa8d5145ff3335fc39e58016878824d5cf3fd684c",
    "src/addons/XENTR/Exclusive/_data/templates.xml": "b5be07a13f793ff7f6ece51ed0223d2637f9b9dec1738ac217a98a36f6d4a6d6",
    "src/addons/XENTR/Exclusive/_data/template_modifications.xml": "dd46da4ccf199f18c453cf2a0374854859b74a3710331e2ff77cc861ce3a8c5a",
    "src/addons/XENTR/Exclusive/_data/widget_definitions.xml": "37e46965256430f24004c2e7f08ba08f9b0d1cbcc4d70e84b3f4e3ffb713e64b",
    "src/addons/XENTR/Exclusive/_data/widget_positions.xml": "a29cee66134f6bc5d75ed9df1eef21096c24401915c5b5c774389c3d7bb2d5b3"
}